date,zip,confirmed_cases,total_tested,Age: Unknown,Age: <20,Age: 20-29,Age: 30-39,Age: 40-49,Age: 50-59,Age: 60-69,Age: 70-79,Age: 80+,Gender: Male,Gender: Female,Gender: Unknown/Left Blank,Race: White,Race: Black,Race: Left Blank,Race: Other,Race: Asian,Race: Hispanic,Race: NH/PI*,Race: AI/AN**
2020-5-18,46324,6,129,0,0,0,0,0,0,0,0,0,0,0,0,0,0,0,0,0,0,0,0
2020-5-18,53142,9,161,0,0,0,0,0,0,0,0,0,6,0,0,0,0,0,0,0,0,0,0
2020-5-18,60002,71,607,0,0,10,14,17,17,12,0,0,36,35,0,32,0,16,0,0,12,0,0
2020-5-18,60004,215,2613,6,11,31,33,35,43,30,15,11,95,96,24,65,6,78,11,10,45,0,0
2020-5-18,60005,127,806,0,0,17,27,23,24,14,6,13,66,61,0,35,0,37,0,9,36,0,0
2020-5-18,60007,205,1005,0,11,16,23,25,28,38,33,31,101,103,0,63,0,87,6,6,38,0,0
2020-5-18,60008,216,983,0,15,23,44,55,44,22,11,0,120,94,0,30,0,67,8,0,100,0,0
2020-5-18,60010,73,823,0,0,8,12,0,12,13,8,15,38,35,0,42,0,17,0,0,0,0,0
2020-5-18,60012,69,264,0,0,0,0,6,8,0,11,37,28,39,0,53,0,6,0,0,6,0,0
2020-5-18,60013,68,448,0,0,7,10,13,16,15,0,0,31,37,0,31,0,11,0,0,25,0,0
2020-5-18,60014,138,1125,0,10,17,30,23,24,17,0,12,56,81,0,74,0,15,0,6,39,0,0
2020-5-18,60015,143,870,0,0,12,11,21,23,12,25,34,63,80,0,100,0,10,12,9,7,0,0
2020-5-18,60016,821,2914,0,24,114,109,138,163,149,61,63,415,391,15,194,40,196,87,133,160,0,7
2020-5-18,60018,406,1428,0,19,71,70,81,66,42,23,34,196,205,0,65,10,123,22,20,163,0,0
2020-5-18,60020,27,312,0,0,0,8,8,0,0,0,0,11,14,0,11,0,7,0,0,0,0,0
2020-5-18,60021,17,107,0,0,0,0,0,6,0,0,0,7,10,0,12,0,0,0,0,0,0,0
2020-5-18,60022,23,261,0,0,6,0,0,0,0,0,0,13,10,0,18,0,0,0,0,0,0,0
2020-5-18,60025,277,1584,0,11,31,27,65,68,34,16,25,136,138,0,132,6,28,37,34,37,0,0
2020-5-18,60026,111,532,0,0,0,11,16,16,11,13,38,36,74,0,56,0,18,13,12,9,0,0
2020-5-18,60030,129,1044,0,0,32,19,20,21,24,0,0,64,61,0,50,9,12,0,0,47,0,0
2020-5-18,60031,231,1428,0,17,41,39,34,54,28,14,0,101,126,0,61,24,29,21,23,71,0,0
2020-5-18,60033,109,481,0,13,14,20,24,21,9,0,0,52,57,0,20,0,10,0,0,75,0,0
2020-5-18,60035,193,1234,0,9,31,26,31,30,21,18,27,102,90,0,109,7,17,17,0,38,0,0
2020-5-18,60040,99,262,0,7,10,17,19,16,7,10,13,37,46,16,11,0,22,0,0,63,0,0
2020-5-18,60041,34,242,0,0,6,6,6,8,0,0,0,16,18,0,12,0,0,0,0,13,0,0
2020-5-18,60042,20,182,0,0,0,0,6,0,0,0,0,7,13,0,0,0,0,0,0,11,0,0
2020-5-18,60043,15,113,0,0,0,0,0,8,0,0,0,8,7,0,14,0,0,0,0,0,0,0
2020-5-18,60044,75,445,0,0,0,6,0,7,7,10,33,30,45,0,36,0,12,6,10,6,0,0
2020-5-18,60045,104,708,0,0,12,8,15,30,17,6,11,55,49,0,79,0,10,7,6,0,0,0
2020-5-18,60046,144,908,0,11,18,20,14,32,23,8,18,70,73,0,71,0,21,11,0,32,0,0
2020-5-18,60047,181,874,0,6,12,13,22,20,22,28,58,81,99,0,76,0,75,6,0,20,0,0
2020-5-18,60048,92,720,0,0,10,10,18,11,11,15,13,49,42,0,60,0,15,0,0,7,0,0
2020-5-18,60050,162,937,0,0,10,16,29,29,30,21,22,79,83,0,75,0,26,0,9,50,0,0
2020-5-18,60051,75,620,0,0,12,6,11,21,17,0,0,34,40,0,43,0,0,0,0,23,0,0
2020-5-18,60053,224,1040,0,7,10,42,33,43,53,15,21,112,112,0,58,13,51,24,54,18,0,0
2020-5-18,60056,449,1886,0,19,64,94,99,93,51,20,9,229,220,0,98,10,111,30,38,155,0,0
2020-5-18,60060,319,1188,0,30,71,36,59,70,47,0,0,160,153,6,51,7,35,32,13,180,0,0
2020-5-18,60061,137,746,0,6,25,20,23,29,15,6,13,68,69,0,51,0,19,8,17,36,0,0
2020-5-18,60062,250,1740,0,0,27,19,35,42,46,36,41,120,126,0,116,0,65,26,19,19,0,0
2020-5-18,60064,504,1083,0,69,141,69,72,70,57,15,11,283,217,0,88,102,54,15,15,229,0,0
2020-5-18,60067,135,1190,0,9,18,27,21,28,13,9,10,60,74,0,57,6,33,11,0,20,0,0
2020-5-18,60068,247,1194,0,0,20,24,25,31,40,22,81,103,122,22,143,0,57,14,20,9,0,0
2020-5-18,60069,56,320,0,0,0,0,0,10,7,8,20,23,33,0,38,0,9,0,0,0,0,0
2020-5-18,60070,157,563,0,9,24,30,43,30,13,6,0,82,74,0,21,0,31,7,6,89,0,0
2020-5-18,60071,7,80,0,0,0,0,0,0,0,0,0,0,0,0,6,0,0,0,0,0,0,0
2020-5-18,60073,667,2323,0,51,135,113,163,122,49,23,10,306,351,10,74,25,98,34,23,411,0,0
2020-5-18,60074,266,1222,0,18,43,65,57,46,27,6,0,132,131,0,42,9,71,10,9,122,0,0
2020-5-18,60076,388,1916,0,24,55,49,61,84,58,24,33,170,216,0,90,32,59,93,73,40,0,0
2020-5-18,60077,315,1540,0,14,32,66,54,62,50,22,15,144,169,0,70,21,46,58,65,46,7,0
2020-5-18,60079,10,37,0,0,0,0,0,0,0,0,0,0,0,0,0,0,0,0,0,0,0,0
2020-5-18,60081,32,223,0,0,10,0,10,0,7,0,0,16,15,0,20,0,0,0,0,0,0,0
2020-5-18,60083,79,410,0,0,10,20,14,13,15,0,0,41,38,0,14,16,8,8,13,20,0,0
2020-5-18,60084,137,430,0,11,22,14,22,15,0,24,24,53,84,0,47,0,34,0,0,51,0,0
2020-5-18,60085,1893,4828,0,156,345,324,402,375,211,60,20,888,965,40,111,109,326,47,8,1290,0,0
2020-5-18,60087,488,1754,0,42,83,71,106,92,49,22,23,235,247,6,57,40,80,20,7,283,0,0
2020-5-18,60088,42,91,0,0,19,10,0,0,0,0,0,24,18,0,19,8,6,0,0,6,0,0
2020-5-18,60089,163,991,0,0,16,17,26,32,25,14,30,71,92,0,93,0,22,9,11,28,0,0
2020-5-18,60090,468,1640,0,24,81,86,94,82,60,22,19,255,208,0,78,9,81,27,19,252,0,0
2020-5-18,60091,120,962,0,6,16,11,22,21,15,15,14,58,62,0,96,0,0,9,0,6,0,0
2020-5-18,60093,123,816,0,0,24,14,25,33,9,8,6,66,55,0,71,0,11,8,7,25,0,0
2020-5-18,60096,24,205,0,0,0,0,6,7,0,0,0,15,9,0,14,0,0,0,0,0,0,0
2020-5-18,60097,32,286,0,0,6,0,0,9,9,0,0,17,14,0,24,0,0,0,0,0,0,0
2020-5-18,60098,243,1038,0,13,28,22,27,57,52,27,17,123,119,0,107,0,30,0,0,96,0,0
2020-5-18,60099,406,1463,0,52,77,57,91,63,30,26,10,176,225,0,39,83,49,16,0,216,0,0
2020-5-18,60101,554,1815,0,34,100,99,126,94,69,20,12,297,254,0,69,9,152,24,8,290,0,0
2020-5-18,60102,98,692,0,0,15,15,19,27,12,0,0,50,48,0,38,6,25,0,0,21,0,0
2020-5-18,60103,186,1208,0,0,32,26,39,41,31,0,7,80,102,0,47,6,80,6,18,27,0,0
2020-5-18,60104,341,1242,0,24,54,35,67,75,40,37,9,165,172,0,16,180,55,11,0,72,6,0
2020-5-18,60106,391,1357,0,20,75,87,81,66,35,16,11,236,152,0,52,8,94,8,14,214,0,0
2020-5-18,60107,409,1600,0,20,74,80,74,90,48,19,0,199,204,6,43,8,172,10,23,140,9,0
2020-5-18,60108,183,1465,0,0,22,22,23,16,31,27,38,80,100,0,68,8,67,0,11,24,0,0
2020-5-18,60109,10,275,0,0,0,0,0,0,0,0,0,0,0,7,0,0,10,0,0,0,0,0
2020-5-18,60110,420,1229,0,41,83,76,107,75,27,10,0,206,206,8,24,11,168,0,0,209,0,0
2020-5-18,60112,17,129,0,0,0,0,0,6,0,0,0,10,7,0,0,0,0,0,0,10,0,0
2020-5-18,60115,109,999,0,0,32,25,14,17,8,6,0,50,59,0,26,22,23,0,0,38,0,0
2020-5-18,60118,46,367,0,0,7,11,0,12,0,0,0,26,20,0,20,0,14,0,0,7,0,0
2020-5-18,60119,28,287,0,0,7,0,9,7,0,0,0,15,13,0,12,0,9,0,0,7,0,0
2020-5-18,60120,854,2381,0,73,188,146,178,144,71,28,26,416,416,22,57,14,322,16,11,418,15,0
2020-5-18,60123,501,2040,0,29,85,104,103,85,45,21,29,222,262,17,68,20,164,13,7,227,0,0
2020-5-18,60124,72,533,0,0,11,17,16,10,10,0,0,38,34,0,11,0,35,0,10,9,0,0
2020-5-18,60126,198,1548,0,8,21,26,33,33,26,17,34,98,99,0,93,12,40,12,9,31,0,0
2020-5-18,60130,107,1062,0,0,11,20,25,16,16,12,0,49,55,0,19,42,20,9,0,13,0,0
2020-5-18,60131,273,1033,0,23,40,57,56,47,33,7,10,128,142,0,59,0,67,6,11,125,0,0
2020-5-18,60133,503,1783,0,31,104,85,110,100,52,13,8,253,238,12,41,21,204,15,20,195,0,0
2020-5-18,60134,102,709,0,0,6,6,11,8,11,19,37,30,70,0,53,0,33,0,0,12,0,0
2020-5-18,60135,25,206,0,0,0,7,0,7,0,0,0,14,11,0,8,0,8,0,0,9,0,0
2020-5-18,60136,35,202,0,0,10,0,6,7,0,0,0,11,22,0,7,0,7,0,8,11,0,0
2020-5-18,60137,111,989,0,0,18,21,21,21,19,0,0,56,55,0,32,12,34,0,0,24,0,0
2020-5-18,60139,424,1599,0,33,74,78,91,74,43,27,0,210,210,0,46,12,146,17,45,158,0,0
2020-5-18,60140,62,469,0,0,14,16,14,11,0,0,0,33,29,0,25,0,23,0,0,12,0,0
2020-5-18,60141,10,269,0,0,0,0,0,0,0,0,0,0,0,0,0,0,0,0,0,0,0,0
2020-5-18,60142,58,749,0,0,9,7,13,14,0,6,0,27,31,0,40,0,0,0,0,11,0,0
2020-5-18,60143,128,563,0,0,10,16,15,18,32,16,19,56,71,0,44,0,47,0,8,24,0,0
2020-5-18,60146,8,53,0,0,0,0,0,0,0,0,0,0,0,0,0,0,0,0,0,0,0,0
2020-5-18,60148,238,1597,0,12,34,40,35,39,29,21,28,105,133,0,80,23,61,10,14,48,0,0
2020-5-18,60151,15,107,0,0,0,0,0,0,0,0,0,9,6,0,0,0,9,0,0,0,0,0
2020-5-18,60152,55,307,0,0,0,6,8,10,6,9,13,18,37,0,31,0,12,0,0,11,0,0
2020-5-18,60153,357,1586,0,21,56,68,79,64,32,28,9,171,177,9,23,166,65,16,0,86,0,0
2020-5-18,60154,154,1048,0,10,13,16,26,23,28,24,14,70,82,0,26,58,24,10,6,29,0,0
2020-5-18,60155,136,510,0,16,16,18,21,29,18,12,6,60,71,0,10,80,22,0,6,11,0,0
2020-5-18,60156,100,670,0,8,24,10,21,20,10,0,0,51,49,0,52,0,9,0,0,27,0,0
2020-5-18,60157,12,68,0,0,0,0,6,0,0,0,0,6,6,0,0,0,0,0,0,0,0,0
2020-5-18,60160,508,1678,0,34,100,99,109,96,42,17,11,258,238,12,87,17,125,25,0,252,0,0
2020-5-18,60162,116,545,0,7,19,20,22,18,19,6,0,56,56,0,14,32,15,7,0,47,0,0
2020-5-18,60163,71,301,0,0,11,9,22,14,6,0,0,29,40,0,7,11,15,0,0,36,0,0
2020-5-18,60164,364,1724,0,24,65,53,75,84,38,10,15,201,157,6,82,0,80,14,0,178,0,0
2020-5-18,60165,141,337,0,16,28,29,23,22,14,7,0,66,73,0,19,0,31,6,0,78,0,0
2020-5-18,60169,273,1104,0,23,52,60,36,58,24,10,10,146,123,0,25,10,121,10,19,70,0,13
2020-5-18,60171,82,503,0,7,13,11,16,20,13,0,0,40,42,0,26,0,23,0,0,27,0,0
2020-5-18,60172,164,762,0,7,10,25,21,38,29,17,17,53,107,0,70,0,53,0,10,23,0,0
2020-5-18,60173,65,273,0,7,10,14,15,13,0,0,0,39,26,0,6,0,28,6,11,9,0,0
2020-5-18,60174,116,1234,0,0,20,22,20,23,12,8,6,53,59,0,38,0,41,0,0,25,0,0
2020-5-18,60175,61,644,0,0,9,10,9,14,10,6,0,34,26,0,28,0,22,0,0,0,0,0
2020-5-18,60176,113,488,0,14,14,27,19,21,14,0,0,53,57,0,36,0,28,6,9,30,0,0
2020-5-18,60177,185,739,0,7,25,32,18,24,15,27,37,62,78,45,38,0,95,0,8,38,0,0
2020-5-18,60178,35,439,0,0,8,8,8,6,0,0,0,19,16,0,19,0,6,0,0,8,0,0
2020-5-18,60181,177,1008,0,6,27,32,40,31,22,17,0,78,99,0,38,11,34,12,7,75,0,0
2020-5-18,60185,538,1891,0,44,80,122,101,102,57,25,7,279,256,0,60,7,157,8,10,296,0,0
2020-5-18,60187,89,932,0,0,15,16,7,18,15,0,13,37,52,0,39,0,26,7,7,0,0,0
2020-5-18,60188,371,1730,0,20,52,54,49,52,41,28,75,162,205,0,98,17,134,12,33,76,0,0
2020-5-18,60189,70,803,0,0,18,7,8,15,11,7,0,31,38,0,27,9,23,0,6,0,0,0
2020-5-18,60190,30,438,0,0,0,8,0,6,0,0,0,14,16,0,12,0,11,0,0,0,0,0
2020-5-18,60191,149,572,0,11,21,37,27,26,16,7,0,84,65,0,32,0,41,7,0,64,0,0
2020-5-18,60192,36,325,0,0,0,7,8,8,0,0,0,17,19,0,10,0,13,0,7,0,0,0
2020-5-18,60193,170,1011,0,11,15,35,28,36,25,12,8,88,81,0,49,6,65,9,18,23,0,0
2020-5-18,60194,94,610,0,0,12,22,21,13,13,0,6,43,49,0,22,0,36,0,9,21,0,0
2020-5-18,60195,12,103,0,0,0,0,0,0,0,0,0,0,8,0,0,0,6,0,0,0,0,0
2020-5-18,60201,274,1950,0,13,42,37,40,26,36,41,39,126,147,0,99,71,35,21,8,38,0,0
2020-5-18,60202,292,1720,0,26,34,41,54,43,43,21,30,128,164,0,66,81,42,25,8,70,0,0
2020-5-18,60203,24,197,0,0,0,0,0,8,0,0,0,11,12,0,9,0,0,0,0,0,0,0
2020-5-18,60301,20,147,0,0,0,7,0,6,0,0,0,10,10,0,7,7,0,0,0,0,0,0
2020-5-18,60302,177,1444,0,0,19,26,33,30,22,19,24,81,94,0,64,69,19,8,0,12,0,0
2020-5-18,60304,62,654,0,0,9,11,13,11,11,7,0,33,28,0,22,30,0,0,0,8,0,0
2020-5-18,60305,37,398,0,0,0,0,10,6,9,0,0,17,20,0,18,6,6,0,0,6,0,0
2020-5-18,60401,34,349,0,0,0,0,7,10,6,0,0,16,18,0,18,0,7,0,0,0,0,0
2020-5-18,60402,1058,4135,0,65,209,170,231,186,117,50,29,512,535,11,174,64,229,77,11,500,0,0
2020-5-18,60403,143,877,0,7,28,20,31,25,16,6,10,65,77,0,30,24,44,6,8,30,0,0
2020-5-18,60404,86,749,0,7,11,13,18,17,12,0,0,50,34,0,30,9,28,0,0,13,0,0
2020-5-18,60406,357,1701,0,25,60,62,54,78,44,18,16,185,170,0,23,77,171,8,0,75,0,0
2020-5-18,60408,15,135,0,0,0,0,0,0,0,0,0,8,7,0,6,0,0,0,0,0,0,0
2020-5-18,60409,451,2401,0,27,54,77,96,88,69,21,19,196,252,0,12,243,136,22,0,38,0,0
2020-5-18,60410,35,390,0,0,9,0,6,6,8,0,0,20,14,0,15,0,15,0,0,0,0,0
2020-5-18,60411,703,3759,0,36,110,101,125,122,91,76,41,303,391,9,77,311,223,15,0,72,0,0
2020-5-18,60415,151,585,0,0,15,18,17,24,32,21,23,74,77,0,59,27,41,8,0,10,0,0
2020-5-18,60417,119,802,0,0,7,17,20,18,17,17,20,51,67,0,46,43,22,0,0,0,0,0
2020-5-18,60418,70,338,0,0,11,6,9,9,15,6,13,23,45,0,30,10,20,0,0,8,0,0
2020-5-18,60419,284,1678,0,10,37,42,41,62,47,23,22,112,170,0,0,197,65,0,0,12,0,0
2020-5-18,60420,6,87,0,0,0,0,0,0,0,0,0,0,0,0,0,0,0,0,0,0,0,0
2020-5-18,60421,9,97,0,0,0,0,0,0,0,0,0,0,0,0,7,0,0,0,0,0,0,0
2020-5-18,60422,74,578,0,0,0,8,13,19,12,0,11,36,38,0,11,41,20,0,0,0,0,0
2020-5-18,60423,113,861,0,0,9,13,19,29,23,12,7,60,53,0,52,13,36,0,0,0,0,0
2020-5-18,60425,111,722,0,9,0,13,20,25,18,13,8,50,60,0,14,57,30,0,0,7,0,0
2020-5-18,60426,363,1998,0,19,51,69,64,65,45,34,16,191,168,0,8,186,111,6,0,51,0,0
2020-5-18,60428,161,1018,0,10,21,24,34,29,24,9,10,65,95,0,0,95,48,0,0,12,0,0
2020-5-18,60429,187,1368,0,12,21,23,28,43,26,16,18,79,108,0,11,124,47,0,0,0,0,0
2020-5-18,60430,230,1238,0,0,15,25,28,36,31,42,48,96,130,0,40,112,64,0,0,7,0,0
2020-5-18,60431,141,1177,0,7,13,41,35,25,12,0,0,54,87,0,36,26,40,0,6,28,0,0
2020-5-18,60432,250,1001,0,26,45,41,62,45,15,9,7,117,129,0,12,25,90,22,0,100,0,0
2020-5-18,60433,208,809,0,11,35,33,33,37,16,12,31,86,122,0,31,48,70,12,0,47,0,0
2020-5-18,60434,154,177,0,0,16,35,36,31,28,7,0,150,0,0,19,106,0,0,0,24,0,0
2020-5-18,60435,518,2760,0,22,54,94,76,82,61,56,73,244,271,0,154,87,137,10,8,121,0,0
2020-5-18,60436,151,962,0,12,23,30,35,24,15,7,0,74,76,0,16,39,51,0,0,42,0,0
2020-5-18,60438,281,1542,0,12,35,49,53,57,39,15,21,121,158,0,34,100,108,9,0,28,0,0
2020-5-18,60439,71,664,0,0,13,7,13,11,11,6,9,34,37,0,42,0,20,0,0,0,0,0
2020-5-18,60440,651,2857,0,48,93,81,116,93,65,65,90,300,349,0,100,106,177,33,31,202,0,0
2020-5-18,60441,160,1035,0,0,31,29,30,33,22,7,0,76,82,0,63,17,55,0,0,21,0,0
2020-5-18,60442,32,260,0,0,6,0,9,7,0,0,0,14,18,0,19,0,9,0,0,0,0,0
2020-5-18,60443,292,1542,0,16,33,43,59,46,42,25,27,116,160,16,13,188,72,0,0,10,0,0
2020-5-18,60445,122,850,0,9,17,17,31,24,15,6,0,60,60,0,19,14,56,0,0,29,0,0
2020-5-18,60446,370,1971,0,38,47,69,77,92,25,15,7,179,189,0,65,39,73,39,20,132,0,0
2020-5-18,60447,33,396,0,0,6,7,8,0,0,0,0,16,15,0,12,0,14,0,0,0,0,0
2020-5-18,60448,106,610,0,0,14,7,19,26,14,11,11,49,54,0,59,0,34,0,0,9,0,0
2020-5-18,60449,60,448,0,0,6,11,10,15,12,0,0,33,26,0,20,18,17,0,0,0,0,0
2020-5-18,60450,26,385,0,0,0,6,0,6,0,0,0,8,16,0,15,0,7,0,0,0,0,0
2020-5-18,60451,83,753,0,0,10,19,20,20,8,0,0,38,45,0,49,0,30,0,0,0,0,0
2020-5-18,60452,157,1102,0,0,30,25,23,34,28,7,8,87,69,0,46,25,60,0,7,15,0,0
2020-5-18,60453,575,2506,0,8,67,65,73,113,85,73,91,277,289,9,163,92,213,11,14,81,0,0
2020-5-18,60455,245,1080,0,6,20,25,32,40,58,38,25,129,114,0,90,24,70,18,0,40,0,0
2020-5-18,60456,39,219,0,0,7,7,9,0,6,0,0,10,29,0,19,0,12,0,0,7,0,0
2020-5-18,60457,99,453,0,8,15,21,18,17,14,0,0,51,46,0,31,0,31,12,9,11,0,0
2020-5-18,60458,100,668,0,0,20,15,23,19,15,0,0,43,57,0,35,15,23,0,0,22,0,0
2020-5-18,60459,302,1457,0,15,54,53,55,46,39,24,16,140,162,0,89,19,55,14,0,120,0,0
2020-5-18,60461,46,347,0,0,0,6,0,14,0,7,0,20,25,0,0,31,7,0,0,0,0,0
2020-5-18,60462,226,1333,0,0,40,32,31,53,27,16,22,94,129,0,86,12,88,8,13,18,0,0
2020-5-18,60463,186,674,0,0,6,0,13,15,25,42,80,87,99,0,63,6,106,0,0,0,0,0
2020-5-18,60464,36,296,0,0,0,0,7,10,0,0,0,17,19,0,16,0,16,0,0,0,0,0
2020-5-18,60465,184,691,0,14,13,21,25,44,24,26,17,87,80,17,72,6,81,14,0,8,0,0
2020-5-18,60466,421,1965,0,9,40,62,72,131,79,22,6,215,200,6,106,169,123,0,0,16,0,0
2020-5-18,60467,133,773,0,0,13,13,17,22,21,18,25,60,72,0,69,7,40,7,0,0,0,0
2020-5-18,60468,25,158,0,0,0,0,0,6,7,0,0,12,13,0,13,0,10,0,0,0,0,0
2020-5-18,60469,52,328,0,0,12,10,11,0,8,0,0,16,35,0,0,6,30,0,0,12,0,0
2020-5-18,60471,177,931,0,6,8,27,38,43,34,14,7,76,100,0,8,120,45,0,0,0,0,0
2020-5-18,60472,53,396,0,0,8,0,14,14,7,0,0,33,20,0,0,30,15,0,0,0,0,0
2020-5-18,60473,313,1766,0,12,22,31,36,49,60,52,50,123,188,0,29,196,68,7,0,11,0,0
2020-5-18,60475,58,433,0,0,8,7,9,14,9,8,0,29,29,0,18,18,14,0,0,6,0,0
2020-5-18,60476,14,128,0,0,0,0,0,0,0,0,0,0,10,0,6,0,0,0,0,0,0,0
2020-5-18,60477,187,1289,0,0,33,29,28,38,26,13,15,74,108,0,74,18,65,0,14,8,0,0
2020-5-18,60478,272,1723,0,8,23,26,36,44,54,45,36,119,153,0,23,191,50,0,0,0,0,0
2020-5-18,60480,27,205,0,0,0,8,7,0,0,0,0,12,14,0,10,0,10,0,0,0,0,0
2020-5-18,60481,20,276,0,0,0,0,0,7,0,0,0,9,11,0,15,0,0,0,0,0,0,0
2020-5-18,60482,73,389,0,0,11,11,10,21,9,0,0,25,48,0,26,0,31,0,0,8,0,0
2020-5-18,60484,100,474,0,0,14,21,19,23,6,9,6,36,63,0,6,63,27,0,0,0,0,0
2020-5-18,60487,107,842,0,0,17,16,22,19,18,6,0,48,57,0,46,8,38,0,10,0,0,0
2020-5-18,60490,120,817,0,0,16,15,31,32,15,0,0,58,61,0,27,25,20,12,19,15,0,0
2020-5-18,60491,107,611,0,0,12,17,19,26,20,8,0,61,46,0,61,8,28,0,0,0,0,0
2020-5-18,60501,204,654,0,20,54,30,52,26,12,6,0,99,105,0,34,0,50,22,0,93,0,0
2020-5-18,60502,69,580,0,6,15,10,14,18,0,0,0,36,33,0,15,8,22,0,0,17,0,0
2020-5-18,60503,45,358,0,0,7,0,23,0,0,0,0,17,28,0,7,7,16,0,0,10,0,0
2020-5-18,60504,232,1195,0,27,43,31,48,44,23,7,9,109,122,0,35,34,63,6,22,70,0,0
2020-5-18,60505,1285,3541,0,133,261,219,308,227,87,34,16,640,634,11,36,30,344,19,0,853,0,0
2020-5-18,60506,717,3113,0,55,122,106,122,123,81,46,62,358,356,0,105,56,165,26,23,340,0,0
2020-5-18,60510,76,799,0,6,13,14,21,7,8,0,0,34,40,0,25,0,25,0,0,19,0,0
2020-5-18,60513,129,1048,0,6,18,20,30,24,19,0,9,65,64,0,52,0,32,15,0,23,0,0
2020-5-18,60514,36,363,0,0,10,0,0,9,0,0,0,17,19,0,18,0,7,0,6,0,0,0
2020-5-18,60515,72,691,0,0,8,12,9,12,7,6,15,35,37,0,41,0,15,0,0,10,0,0
2020-5-18,60516,90,792,0,0,11,13,13,14,15,10,13,39,51,0,44,0,25,0,0,9,0,0
2020-5-18,60517,168,1126,0,9,17,36,29,36,25,11,0,81,87,0,44,26,41,0,20,34,0,0
2020-5-18,60520,8,64,0,0,0,0,0,0,0,0,0,0,0,0,0,0,0,0,0,0,0,0
2020-5-18,60521,169,808,0,0,6,7,9,22,36,41,46,85,84,0,72,0,69,0,0,14,0,0
2020-5-18,60523,87,492,0,0,0,7,0,9,14,8,41,34,53,0,47,0,17,6,13,0,0,0
2020-5-18,60525,216,1595,0,9,23,19,29,32,44,31,29,100,116,0,103,18,45,0,0,39,0,0
2020-5-18,60526,65,805,0,0,9,8,12,0,0,6,18,35,30,0,42,0,9,6,0,6,0,0
2020-5-18,60527,192,1384,0,0,15,14,25,28,29,30,51,80,110,0,91,19,42,9,18,12,0,0
2020-5-18,60532,92,758,0,0,10,18,11,18,8,0,20,45,47,0,33,8,33,0,0,15,0,0
2020-5-18,60534,117,562,0,8,23,23,21,20,13,0,0,57,60,0,34,0,26,15,0,37,0,0
2020-5-18,60538,206,940,0,25,37,35,49,36,16,0,0,90,113,0,39,12,49,0,0,104,0,0
2020-5-18,60540,96,1123,0,7,17,13,19,9,17,10,0,41,54,0,34,6,36,0,6,11,0,0
2020-5-18,60541,6,53,0,0,0,0,0,0,0,0,0,0,0,0,0,0,0,0,0,0,0,0
2020-5-18,60542,97,669,0,0,18,22,17,11,10,7,11,41,55,0,35,0,28,0,0,27,0,0
2020-5-18,60543,181,983,0,11,18,20,35,34,24,11,28,77,103,0,76,23,33,0,8,39,0,0
2020-5-18,60544,134,1069,0,8,12,17,34,33,15,10,0,69,65,0,35,17,30,14,8,29,0,0
2020-5-18,60545,113,591,0,15,13,23,25,23,12,0,0,61,52,0,18,0,18,0,0,72,0,0
2020-5-18,60546,115,1094,0,7,18,19,23,18,17,10,0,54,59,0,37,13,20,8,0,30,0,0
2020-5-18,60548,54,359,0,0,12,10,8,8,0,8,0,23,31,0,17,0,8,0,0,26,0,0
2020-5-18,60551,17,70,0,0,0,0,11,0,0,0,0,14,0,0,6,10,0,0,0,0,0,0
2020-5-18,60552,6,97,0,0,0,0,0,0,0,0,0,0,0,0,0,0,0,0,0,0,0,0
2020-5-18,60554,30,328,0,0,0,0,0,10,0,0,0,15,15,0,16,0,7,0,0,6,0,0
2020-5-18,60555,92,546,0,9,12,12,26,21,9,0,0,42,50,0,13,0,28,0,0,43,0,0
2020-5-18,60558,35,438,0,0,6,8,0,6,0,0,0,18,17,0,21,0,9,0,0,0,0,0
2020-5-18,60559,255,1161,0,0,22,22,28,39,36,38,65,109,144,0,109,25,66,7,17,31,0,0
2020-5-18,60560,66,569,0,0,12,10,9,14,12,0,0,29,35,0,31,7,14,0,0,11,0,0
2020-5-18,60561,93,838,0,0,10,14,13,16,20,15,0,46,47,0,39,7,23,6,9,9,0,0
2020-5-18,60563,132,1256,0,0,19,16,21,18,14,8,32,49,83,0,48,8,38,6,12,19,0,0
2020-5-18,60564,107,977,0,0,14,10,20,23,15,7,14,46,60,0,40,12,29,6,15,0,0,0
2020-5-18,60565,151,950,0,0,12,11,15,18,31,23,38,77,74,0,60,8,49,0,20,10,0,0
2020-5-18,60585,63,595,0,0,7,0,15,22,6,7,0,30,33,0,27,9,12,0,0,8,0,0
2020-5-18,60586,260,1648,0,19,42,47,55,61,22,10,0,126,134,0,72,46,70,11,7,54,0,0
2020-5-18,60601,66,564,0,0,20,19,0,7,0,0,6,33,32,0,30,11,11,0,8,0,0,0
2020-5-18,60602,13,110,0,0,0,0,0,0,0,0,0,7,0,0,0,0,0,0,0,0,0,0
2020-5-18,60603,7,57,0,0,0,0,0,0,0,0,0,0,7,0,0,0,0,0,0,0,0,0
2020-5-18,60604,16,83,0,0,0,0,7,0,0,0,0,12,0,0,0,0,6,0,0,0,0,0
2020-5-18,60605,152,1191,0,0,26,59,20,16,20,6,0,100,52,0,51,25,37,0,14,20,0,0
2020-5-18,60606,46,394,0,0,9,11,0,8,8,0,0,22,24,0,6,13,20,0,0,6,0,0
2020-5-18,60607,397,1542,0,7,50,69,60,96,86,20,7,228,105,64,99,167,66,6,16,42,0,0
2020-5-18,60608,1332,4811,0,87,246,228,241,257,158,81,31,757,524,51,104,212,274,32,16,690,0,0
2020-5-18,60609,1280,4041,0,84,224,240,263,209,139,80,40,625,634,21,81,189,304,45,9,652,0,0
2020-5-18,60610,204,1677,0,6,53,34,27,25,34,16,9,95,108,0,80,67,36,0,7,10,0,0
2020-5-18,60611,120,1832,0,0,20,31,12,19,11,14,9,60,59,0,62,8,23,0,11,10,0,0
2020-5-18,60612,556,3081,0,24,95,116,103,102,71,35,10,279,270,7,35,344,107,7,0,58,0,0
2020-5-18,60613,325,1763,0,9,54,61,38,44,46,30,43,164,154,7,124,51,66,17,13,52,0,0
2020-5-18,60614,434,3072,0,0,68,47,51,40,41,70,111,180,242,12,194,53,101,7,21,57,0,0
2020-5-18,60615,321,2284,0,21,36,53,48,64,45,23,31,153,165,0,19,235,45,6,0,11,0,0
2020-5-18,60616,351,2612,0,11,30,55,55,64,66,36,34,169,181,0,39,156,67,0,47,36,0,0
2020-5-18,60617,853,4960,0,47,113,140,147,153,125,70,58,408,434,11,32,380,273,14,0,148,0,0
2020-5-18,60618,910,4086,0,53,163,181,181,160,79,53,40,473,420,17,180,20,186,48,26,443,0,0
2020-5-18,60619,750,4314,0,30,68,95,131,161,141,61,63,290,451,9,9,597,124,0,0,12,0,0
2020-5-18,60620,926,4440,0,13,94,132,163,199,153,96,76,404,493,29,28,577,297,0,0,17,0,0
2020-5-18,60621,438,1982,0,19,61,61,58,83,72,51,33,192,243,0,0,316,86,9,0,20,0,0
2020-5-18,60622,507,2478,0,17,70,120,66,78,57,45,54,256,249,0,121,61,97,14,7,207,0,0
2020-5-18,60623,2540,6272,0,189,414,515,543,485,240,110,43,1280,1186,74,88,350,577,98,0,1426,0,0
2020-5-18,60624,647,2631,0,35,94,131,125,111,85,43,23,286,347,14,15,445,122,12,0,53,0,0
2020-5-18,60625,1050,3693,0,43,156,180,197,168,140,78,88,546,460,44,173,45,201,69,98,454,0,0
2020-5-18,60626,778,3053,0,27,98,104,103,127,133,113,73,408,358,12,187,177,177,47,29,158,0,0
2020-5-18,60628,857,3976,0,33,81,102,136,182,136,110,76,374,469,14,8,537,254,8,0,46,0,0
2020-5-18,60629,2398,6861,0,174,476,430,568,412,230,77,30,1201,1160,37,127,193,700,83,0,1286,0,0
2020-5-18,60630,597,2672,0,32,105,96,79,100,77,49,58,296,298,0,137,8,170,39,52,182,6,0
2020-5-18,60631,221,1819,0,0,30,30,37,44,21,23,34,122,98,0,109,0,65,9,7,26,0,0
2020-5-18,60632,2289,5723,0,169,372,457,506,434,215,66,67,1113,1081,95,113,22,640,64,13,1435,0,0
2020-5-18,60633,221,1433,0,7,30,31,39,45,36,20,11,91,105,25,16,40,119,9,9,27,0,0
2020-5-18,60634,1068,5262,0,46,144,193,237,219,147,52,30,539,518,11,207,18,265,52,44,476,0,0
2020-5-18,60636,567,1972,0,29,86,93,99,95,65,62,37,263,299,0,8,337,115,7,0,100,0,0
2020-5-18,60637,503,3324,0,17,83,101,79,87,61,44,31,222,276,0,27,375,87,0,0,7,0,0
2020-5-18,60638,881,3798,0,51,135,146,189,140,101,54,64,428,441,12,201,40,265,47,0,324,0,0
2020-5-18,60639,2429,6608,0,156,432,482,523,422,258,110,46,1205,1202,22,125,155,674,75,7,1391,0,0
2020-5-18,60640,650,3305,0,10,55,79,99,112,117,74,103,316,287,47,205,122,157,26,46,92,0,0
2020-5-18,60641,1023,3908,0,59,171,188,226,189,127,46,17,502,507,14,112,23,290,41,23,534,0,0
2020-5-18,60642,120,877,0,0,14,31,16,13,16,11,16,48,55,17,23,16,23,0,0,52,0,0
2020-5-18,60643,605,3486,0,14,54,64,92,126,117,60,78,265,314,26,44,299,245,6,0,9,0,0
2020-5-18,60644,925,3837,0,40,124,151,153,148,132,87,89,409,428,88,24,544,275,17,0,62,0,0
2020-5-18,60645,885,3372,0,45,143,140,136,155,133,60,73,434,445,6,278,124,133,90,63,194,0,0
2020-5-18,60646,296,1704,0,0,26,39,53,43,41,32,58,119,138,39,101,9,110,16,16,43,0,0
2020-5-18,60647,991,4015,0,43,148,171,165,177,128,85,74,515,465,11,95,43,225,28,10,589,0,0
2020-5-18,60649,627,3286,0,19,63,80,77,98,101,101,87,272,342,13,8,470,133,0,0,10,0,0
2020-5-18,60651,1252,4156,0,78,214,268,241,208,132,91,20,578,659,15,30,406,286,32,0,493,0,0
2020-5-18,60652,677,2606,0,32,95,131,144,121,76,40,37,323,338,16,39,152,249,14,0,219,0,0
2020-5-18,60653,430,2327,0,48,36,56,75,71,73,42,29,196,216,18,7,299,100,0,11,11,0,0
2020-5-18,60654,122,762,0,0,22,34,19,24,14,0,0,84,36,0,48,31,18,0,13,8,0,0
2020-5-18,60655,217,1750,0,0,38,49,44,38,18,14,14,121,95,0,105,27,68,0,7,9,0,0
2020-5-18,60656,204,1474,0,0,35,40,41,40,31,9,7,101,100,0,81,6,57,16,13,29,0,0
2020-5-18,60657,276,2379,0,0,60,62,34,30,22,25,39,150,123,0,151,21,39,8,16,37,0,0
2020-5-18,60659,576,2003,0,33,94,92,97,93,82,36,49,283,271,22,120,46,95,75,94,136,0,6
2020-5-18,60660,317,1506,0,0,38,54,32,80,62,36,10,170,146,0,94,58,45,20,23,77,0,0
2020-5-18,60661,33,350,0,0,13,12,0,0,0,0,0,17,16,0,15,0,9,0,0,0,0,0
2020-5-18,60706,268,1626,0,13,35,22,48,40,48,24,37,142,124,0,115,8,58,8,28,46,0,0
2020-5-18,60707,611,2865,0,24,75,100,112,141,83,46,30,285,314,12,151,53,148,25,12,218,0,0
2020-5-18,60712,137,673,0,6,11,16,21,16,13,10,44,67,67,0,60,0,21,19,23,8,0,0
2020-5-18,60714,601,2054,0,13,59,57,56,63,109,79,164,241,346,14,176,6,175,63,102,71,0,0
2020-5-18,60803,194,1002,0,9,25,36,43,42,29,0,0,85,108,0,28,29,91,10,7,29,0,0
2020-5-18,60804,2181,6327,11,162,364,407,470,431,225,80,31,1099,1017,65,308,46,577,167,0,1077,0,0
2020-5-18,60805,189,874,0,0,17,34,29,20,34,22,31,82,106,0,30,45,86,0,0,24,0,0
2020-5-18,60827,277,1506,0,13,50,44,57,61,32,13,7,111,163,0,0,192,67,6,0,6,0,0
2020-5-18,60901,376,2073,0,23,68,56,68,61,36,26,38,179,193,0,128,90,69,8,0,79,0,0
2020-5-18,60911,8,50,0,0,0,0,0,0,0,0,0,0,0,0,6,0,0,0,0,0,0,0
2020-5-18,60912,6,26,0,0,0,0,0,0,0,0,0,0,0,0,6,0,0,0,0,0,0,0
2020-5-18,60914,107,1027,0,0,14,21,14,23,12,9,12,35,72,0,62,10,23,0,0,6,0,0
2020-5-18,60915,40,456,0,0,7,0,17,0,0,0,0,12,27,0,22,0,6,0,0,7,0,0
2020-5-18,60919,6,20,0,0,0,0,0,0,0,0,0,0,0,0,6,0,0,0,0,0,0,0
2020-5-18,60922,11,101,0,0,0,0,0,0,0,0,0,8,0,0,9,0,0,0,0,0,0,0
2020-5-18,60927,43,132,0,0,0,0,0,0,0,0,23,7,35,0,39,0,0,0,0,0,0,0
2020-5-18,60928,7,15,0,0,0,0,0,0,0,0,0,0,0,0,7,0,0,0,0,0,0,0
2020-5-18,60940,6,96,0,0,0,0,0,0,0,0,0,0,0,0,0,0,0,0,0,0,0,0
2020-5-18,60950,59,610,0,0,7,0,6,0,8,9,22,42,17,0,32,0,26,0,0,0,0,0
2020-5-18,60954,21,321,0,0,0,0,0,0,0,0,0,9,12,0,10,0,0,0,0,6,0,0
2020-5-18,60955,11,52,0,0,0,0,0,0,0,0,0,0,6,0,0,0,0,0,0,9,0,0
2020-5-18,60957,7,138,0,0,0,0,0,0,0,0,0,0,0,0,0,0,0,0,0,0,0,0
2020-5-18,60958,18,88,0,0,0,0,0,0,0,0,0,9,9,0,0,13,0,0,0,0,0,0
2020-5-18,60964,23,159,0,0,0,0,0,8,0,0,0,11,12,0,12,0,0,0,0,0,0,0
2020-5-18,60970,11,190,0,0,0,0,0,0,0,0,0,0,7,0,10,0,0,0,0,0,0,0
2020-5-18,61008,262,1213,0,22,38,39,34,45,23,26,35,121,134,7,96,0,35,8,0,115,0,0
2020-5-18,61010,7,154,0,0,0,0,0,0,0,0,0,0,0,0,0,0,0,0,0,0,0,0
2020-5-18,61012,12,49,0,0,7,0,0,0,0,0,0,6,6,0,0,0,0,0,0,8,0,0
2020-5-18,61016,23,204,0,0,0,0,8,0,0,0,0,8,14,0,7,0,7,0,0,6,0,0
2020-5-18,61021,62,746,0,0,13,8,15,14,6,0,0,53,9,0,40,0,18,0,0,0,0,0
2020-5-18,61032,138,880,0,13,34,28,26,22,9,0,0,64,55,19,15,0,72,0,0,44,0,0
2020-5-18,61054,7,114,0,0,0,0,0,0,0,0,0,0,0,0,0,0,6,0,0,0,0,0
2020-5-18,61061,8,148,0,0,0,0,0,0,0,0,0,0,0,0,0,0,0,0,0,0,0,0
2020-5-18,61064,9,71,0,0,0,0,0,0,0,0,0,0,7,0,0,0,6,0,0,0,0,0
2020-5-18,61065,24,258,0,0,7,0,10,0,0,0,0,12,12,0,11,0,0,0,0,10,0,0
2020-5-18,61068,119,893,0,10,21,25,24,25,11,0,0,56,53,10,8,0,88,0,0,22,0,0
2020-5-18,61071,26,214,0,0,0,0,0,9,7,0,0,15,11,0,14,0,0,0,0,7,0,0
2020-5-18,61072,22,264,0,0,6,0,0,0,0,0,0,10,12,0,10,0,9,0,0,0,0,0
2020-5-18,61073,37,484,0,0,6,7,11,0,0,0,0,21,16,0,10,0,18,0,0,8,0,0
2020-5-18,61080,28,228,0,0,0,0,0,9,0,0,0,12,15,0,6,0,11,0,0,9,0,0
2020-5-18,61081,58,351,0,0,6,8,7,7,7,0,18,24,34,0,32,0,7,0,0,15,0,0
2020-5-18,61084,7,46,0,0,0,0,0,0,0,0,0,0,6,0,0,0,0,0,0,0,0,0
2020-5-18,61088,7,150,0,0,0,0,0,0,0,0,0,0,0,0,7,0,0,0,0,0,0,0
2020-5-18,61101,180,1244,0,29,41,29,30,24,15,6,6,69,99,12,28,63,64,0,0,24,0,0
2020-5-18,61102,156,1032,0,30,31,28,14,26,15,7,0,66,85,0,14,67,51,0,0,22,0,0
2020-5-18,61103,165,1354,0,9,37,33,26,27,17,7,9,56,102,7,32,51,61,0,0,21,0,0
2020-5-18,61104,175,935,0,26,46,31,30,26,9,0,0,79,88,8,17,36,65,0,10,44,0,0
2020-5-18,61107,128,1384,0,13,31,29,14,19,10,8,0,47,76,0,30,26,55,0,0,14,0,0
2020-5-18,61108,220,1311,0,18,29,40,29,30,27,29,17,94,122,0,69,26,63,0,0,56,0,0
2020-5-18,61109,167,1143,0,15,50,32,30,15,15,0,0,77,87,0,42,31,46,0,7,40,0,0
2020-5-18,61111,65,829,0,0,14,17,0,13,12,0,0,20,44,0,26,7,25,0,0,0,0,0
2020-5-18,61114,67,595,0,6,16,12,6,14,6,0,0,26,41,0,13,16,30,0,0,0,0,0
2020-5-18,61115,65,702,0,0,17,9,13,6,11,0,0,22,43,0,22,6,30,0,0,0,0,0
2020-5-18,61201,166,890,0,10,19,31,24,23,24,19,16,83,81,0,54,39,25,0,21,25,0,0
2020-5-18,61235,8,56,0,0,0,0,0,0,0,0,0,0,0,0,7,0,0,0,0,0,0,0
2020-5-18,61239,8,30,0,0,0,0,0,0,0,0,0,0,0,0,0,0,0,0,0,0,0,0
2020-5-18,61240,9,113,0,0,0,0,0,0,0,0,0,0,0,0,8,0,0,0,0,0,0,0
2020-5-18,61241,16,149,0,0,0,0,0,0,0,0,0,6,10,0,10,0,0,0,0,0,0,0
2020-5-18,61244,145,595,0,9,24,27,21,35,13,9,7,76,67,0,28,13,53,0,11,37,0,0
2020-5-18,61252,21,101,0,0,0,0,0,0,0,0,12,6,15,0,20,0,0,0,0,0,0,0
2020-5-18,61254,8,256,0,0,0,0,0,0,0,0,0,0,0,0,0,0,0,0,0,0,0,0
2020-5-18,61256,6,43,0,0,0,0,0,0,0,0,0,0,0,0,0,0,0,0,0,0,0,0
2020-5-18,61264,21,249,0,0,0,0,0,0,0,0,0,9,12,0,11,0,6,0,0,0,0,0
2020-5-18,61265,180,1086,0,8,23,31,26,39,29,15,9,88,89,0,67,17,36,0,0,54,0,0
2020-5-18,61270,7,120,0,0,0,0,0,0,0,0,0,0,0,0,0,0,0,0,0,0,0,0
2020-5-18,61275,10,69,0,0,0,0,0,0,0,0,0,0,6,0,0,0,0,0,0,0,0,0
2020-5-18,61282,34,197,0,0,0,6,10,0,0,0,0,15,19,0,13,0,10,0,0,6,0,0
2020-5-18,61341,31,265,0,0,0,0,0,0,13,0,11,10,20,0,28,0,0,0,0,0,0,0
2020-5-18,61342,15,138,0,0,0,0,0,8,0,0,0,9,6,0,0,0,0,0,0,14,0,0
2020-5-18,61350,17,386,0,0,0,0,0,0,0,0,0,9,8,0,13,0,0,0,0,0,0,0
2020-5-18,61354,6,250,0,0,0,0,0,0,0,0,0,0,0,0,0,0,0,0,0,0,0,0
2020-5-18,61356,6,205,0,0,0,0,0,0,0,0,0,0,0,0,0,0,0,0,0,0,0,0
2020-5-18,61401,74,1055,0,0,13,11,13,16,10,0,0,41,33,0,30,30,6,0,0,8,0,0
2020-5-18,61410,6,67,0,0,0,0,0,0,0,0,0,0,0,0,6,0,0,0,0,0,0,0
2020-5-18,61443,16,283,0,0,0,0,0,7,0,0,0,8,8,0,0,0,0,0,0,9,0,0
2020-5-18,61455,53,520,0,0,23,0,0,0,0,6,13,19,33,0,34,16,0,0,0,0,0,0
2020-5-18,61462,99,487,0,0,19,30,23,15,10,0,0,50,46,0,21,0,12,0,12,49,0,0
2020-5-18,61469,7,70,0,0,0,0,0,0,0,0,0,0,0,0,6,0,0,0,0,0,0,0
2020-5-18,61525,6,211,0,0,0,0,0,0,0,0,0,0,0,0,0,0,0,0,0,0,0,0
2020-5-18,61548,7,232,0,0,0,0,0,0,0,0,0,0,0,0,0,0,0,0,0,0,0,0
2020-5-18,61554,19,1152,0,0,0,0,0,0,0,0,0,10,9,0,19,0,0,0,0,0,0,0
2020-5-18,61603,26,758,0,0,0,0,6,0,0,0,0,8,17,0,0,16,0,0,0,8,0,0
2020-5-18,61604,26,1160,0,0,0,0,6,0,0,0,0,11,15,0,11,12,0,0,0,0,0,0
2020-5-18,61605,17,592,0,0,0,8,0,0,0,0,0,0,14,0,0,11,0,0,0,0,0,0
2020-5-18,61610,6,133,0,0,0,0,0,0,0,0,0,0,0,0,6,0,0,0,0,0,0,0
2020-5-18,61611,18,659,0,0,0,0,0,0,0,0,0,13,0,0,16,0,0,0,0,0,0,0
2020-5-18,61614,45,901,0,0,0,9,0,0,0,6,11,22,22,0,20,21,0,0,0,0,0,0
2020-5-18,61615,21,731,0,0,0,0,0,7,0,0,0,10,11,0,14,6,0,0,0,0,0,0
2020-5-18,61701,43,1230,0,0,0,6,8,6,9,0,0,12,26,0,15,17,9,0,0,0,0,0
2020-5-18,61704,67,992,0,0,9,6,9,6,11,14,9,28,37,0,29,10,22,0,0,0,0,0
2020-5-18,61705,11,381,0,0,0,0,0,0,0,0,0,0,7,0,7,0,0,0,0,0,0,0
2020-5-18,61761,43,1150,0,0,20,0,0,0,6,0,0,15,26,0,21,12,6,0,0,0,0,0
2020-5-18,61764,12,261,0,0,0,0,0,0,0,0,0,0,7,0,9,0,0,0,0,0,0,0
2020-5-18,61801,28,708,0,0,8,0,0,0,0,0,0,15,13,0,9,7,0,0,0,8,0,0
2020-5-18,61802,59,908,0,9,10,15,9,0,7,0,0,33,26,0,15,8,0,0,0,31,0,0
2020-5-18,61820,67,842,0,15,23,12,7,8,0,0,0,41,26,0,10,13,0,0,0,37,0,0
2020-5-18,61821,71,1194,0,15,19,11,12,9,0,0,0,35,36,0,15,22,0,0,0,26,0,0
2020-5-18,61822,34,853,0,0,9,0,8,11,0,0,0,16,18,0,16,10,0,0,0,0,0,0
2020-5-18,61832,19,737,0,0,0,0,0,0,0,0,0,9,10,0,6,10,0,0,0,0,0,0
2020-5-18,61853,12,478,0,0,0,0,0,0,0,0,0,6,0,0,11,0,0,0,0,0,0,0
2020-5-18,61866,113,1035,0,20,28,34,17,12,0,0,0,64,49,0,8,15,8,0,0,78,0,0
2020-5-18,61874,12,279,0,0,0,0,0,0,0,0,0,6,6,0,0,0,0,0,0,0,0,0
2020-5-18,61910,6,180,0,0,0,0,0,0,0,0,0,0,0,0,6,0,0,0,0,0,0,0
2020-5-18,61920,57,704,0,0,8,0,6,8,9,6,16,16,41,0,55,0,0,0,0,0,0,0
2020-5-18,61938,22,679,0,0,0,6,6,0,0,0,0,12,10,0,15,6,0,0,0,0,0,0
2020-5-18,61953,13,190,0,0,0,0,0,0,0,0,0,0,7,0,0,0,0,0,0,7,0,0
2020-5-18,62002,82,458,0,0,12,11,13,13,10,9,14,23,51,8,31,29,14,8,0,0,0,0
2020-5-18,62010,13,108,0,0,0,0,0,0,0,0,0,0,8,0,9,0,0,0,0,0,0,0
2020-5-18,62012,6,66,0,0,0,0,0,0,0,0,0,0,0,0,0,0,0,0,0,0,0,0
2020-5-18,62018,7,48,0,0,0,0,0,0,0,0,0,0,7,0,0,0,0,0,0,0,0,0
2020-5-18,62024,7,86,0,0,0,0,0,0,0,0,0,0,0,0,6,0,0,0,0,0,0,0
2020-5-18,62025,106,546,0,0,6,10,13,11,21,22,22,46,58,0,51,9,10,33,0,0,0,0
2020-5-18,62034,56,212,0,0,0,0,0,0,6,0,30,21,35,0,32,9,0,11,0,0,0,0
2020-5-18,62035,19,160,0,0,0,0,0,6,0,0,0,10,9,0,11,6,0,0,0,0,0,0
2020-5-18,62040,70,520,0,0,6,14,13,19,10,0,0,24,46,0,40,16,7,0,0,0,0,0
2020-5-18,62052,13,92,0,0,0,0,0,0,0,0,0,0,10,0,12,0,0,0,0,0,0,0
2020-5-18,62056,14,202,0,0,0,0,0,0,0,0,0,6,8,0,8,0,6,0,0,0,0,0
2020-5-18,62060,19,74,0,0,0,0,0,0,0,0,0,8,11,0,0,15,0,0,0,0,0,0
2020-5-18,62062,7,170,0,0,0,0,0,0,0,0,0,0,0,0,0,0,0,0,0,0,0,0
2020-5-18,62069,8,80,0,0,0,0,0,0,0,0,0,0,0,0,8,0,0,0,0,0,0,0
2020-5-18,62088,6,307,0,0,0,0,0,0,0,0,0,0,0,0,0,0,0,0,0,0,0,0
2020-5-18,62090,10,21,0,0,0,0,0,0,0,0,0,0,9,0,0,7,0,0,0,0,0,0
2020-5-18,62095,18,128,0,0,0,6,0,0,0,0,0,10,7,0,13,0,0,0,0,0,0,0
2020-5-18,62201,13,90,0,0,0,0,0,0,0,0,0,6,7,0,0,8,0,0,0,0,0,0
2020-5-18,62203,28,171,0,0,0,6,7,0,0,0,0,11,17,0,0,27,0,0,0,0,0,0
2020-5-18,62204,34,166,0,0,0,6,10,7,0,0,0,11,23,0,0,28,0,0,0,0,0,0
2020-5-18,62205,42,230,0,0,6,8,8,6,6,0,0,18,24,0,0,37,0,0,0,0,0,0
2020-5-18,62206,78,348,0,0,12,9,20,21,0,0,0,29,49,0,8,62,7,0,0,0,0,0
2020-5-18,62207,55,154,0,10,7,0,10,11,6,0,0,27,28,0,0,46,6,0,0,0,0,0
2020-5-18,62208,49,266,0,0,0,6,8,8,14,0,0,26,22,0,14,21,7,0,0,0,0,0
2020-5-18,62220,94,261,0,0,10,7,10,11,9,19,25,37,55,0,35,28,29,0,0,0,0,0
2020-5-18,62221,77,369,0,6,14,9,14,18,8,0,0,28,45,0,20,32,12,9,0,0,0,0
2020-5-18,62223,44,244,0,0,0,10,9,9,0,0,0,13,29,0,10,21,11,0,0,0,0,0
2020-5-18,62226,110,603,0,7,9,13,6,25,22,18,10,46,61,0,35,48,19,6,0,0,0,0
2020-5-18,62230,8,124,0,0,0,0,0,0,0,0,0,0,6,0,8,0,0,0,0,0,0,0
2020-5-18,62231,75,285,0,0,0,0,0,0,8,7,44,22,51,0,62,0,9,0,0,0,0,0
2020-5-18,62232,15,130,0,0,0,0,0,0,0,0,0,6,9,0,0,0,0,0,0,0,0,0
2020-5-18,62233,92,370,0,6,20,24,16,16,0,0,0,53,34,0,51,0,21,0,0,18,0,0
2020-5-18,62234,49,415,0,0,8,12,7,7,6,6,0,17,31,0,18,13,8,6,0,0,0,0
2020-5-18,62236,40,131,0,0,0,0,0,0,0,0,25,9,30,0,34,0,0,0,0,0,0,0
2020-5-18,62237,6,196,0,0,0,0,0,0,0,0,0,0,0,0,0,0,0,0,0,0,0,0
2020-5-18,62239,11,39,0,0,0,0,0,0,0,0,0,0,7,0,0,0,0,0,0,0,0,0
2020-5-18,62246,6,149,0,0,0,0,0,0,0,0,0,0,0,0,0,0,0,0,0,0,0,0
2020-5-18,62249,11,155,0,0,0,0,0,0,0,0,0,0,6,0,8,0,0,0,0,0,0,0
2020-5-18,62254,26,117,0,0,0,0,0,0,0,7,11,6,16,0,9,0,12,0,0,0,0,0
2020-5-18,62257,8,60,0,0,0,0,0,0,0,0,0,0,0,0,6,0,0,0,0,0,0,0
2020-5-18,62258,14,100,0,0,0,0,0,0,0,0,0,6,8,0,9,0,0,0,0,0,0,0
2020-5-18,62265,27,262,0,0,0,0,0,0,11,0,0,7,19,0,22,0,0,0,0,0,0,0
2020-5-18,62269,61,361,0,0,8,17,8,10,8,0,0,24,35,0,22,23,8,6,0,0,0,0
2020-5-18,62272,44,130,0,0,13,12,8,0,0,0,0,22,19,0,7,0,0,0,0,33,0,0
2020-5-18,62274,10,115,0,0,0,0,0,0,0,0,0,0,0,0,9,0,0,0,0,0,0,0
2020-5-18,62278,15,125,0,0,0,0,0,0,0,0,0,7,8,0,14,0,0,0,0,0,0,0
2020-5-18,62285,7,40,0,0,0,0,0,0,0,0,0,0,0,0,7,0,0,0,0,0,0,0
2020-5-18,62286,30,226,0,0,7,6,0,7,7,0,0,11,19,0,21,0,0,0,0,0,0,0
2020-5-18,62288,32,164,0,0,0,7,0,6,12,0,0,15,14,0,19,0,7,0,0,6,0,0
2020-5-18,62293,8,73,0,0,0,0,0,0,0,0,0,0,0,0,0,0,0,0,0,0,0,0
2020-5-18,62294,17,173,0,0,0,0,0,0,0,0,0,6,11,0,14,0,0,0,0,0,0,0
2020-5-18,62295,7,17,0,0,0,0,0,0,0,0,0,0,0,0,6,0,0,0,0,0,0,0
2020-5-18,62298,43,204,0,0,0,9,0,11,11,0,0,16,26,0,32,0,6,0,0,0,0,0
2020-5-18,62301,21,1724,0,0,7,0,0,7,0,0,0,10,11,0,14,0,0,0,0,0,0,0
2020-5-18,62305,15,167,0,0,0,0,0,0,0,0,0,7,8,0,13,0,0,0,0,0,0,0
2020-5-18,62353,7,274,0,0,0,0,0,0,0,0,0,0,0,0,0,0,0,0,0,0,0,0
2020-5-18,62428,6,71,0,0,0,0,0,0,0,0,0,0,0,0,6,0,0,0,0,0,0,0
2020-5-18,62441,6,86,0,0,0,0,0,0,0,0,0,0,0,0,0,0,0,0,0,0,0,0
2020-5-18,62448,36,271,0,0,0,0,0,0,0,0,24,16,20,0,34,0,0,0,0,0,0,0
2020-5-18,62454,8,136,0,0,0,0,0,0,0,0,0,0,6,0,8,0,0,0,0,0,0,0
2020-5-18,62471,17,157,0,0,0,0,0,0,6,0,0,7,9,0,15,0,0,0,0,0,0,0
2020-5-18,62521,96,797,0,0,8,9,6,10,13,17,33,35,61,0,60,31,0,0,0,0,0,0
2020-5-18,62522,26,188,0,0,0,8,0,6,0,0,0,7,19,0,12,14,0,0,0,0,0,0
2020-5-18,62526,36,452,0,0,12,6,7,0,0,0,0,11,25,0,14,17,0,0,0,0,0,0
2020-5-18,62560,7,45,0,0,0,0,0,0,0,0,0,0,0,0,0,0,0,0,0,0,0,0
2020-5-18,62565,11,221,0,0,0,0,0,0,0,0,0,0,8,0,11,0,0,0,0,0,0,0
2020-5-18,62568,26,326,0,0,0,0,0,0,0,7,7,8,18,0,25,0,0,0,0,0,0,0
2020-5-18,62618,56,498,0,0,14,15,11,9,0,0,0,25,31,0,13,0,13,0,0,26,0,0
2020-5-18,62629,12,475,0,0,0,0,0,0,0,0,0,0,11,0,12,0,0,0,0,0,0,0
2020-5-18,62650,28,614,0,0,6,6,0,0,0,0,0,19,8,0,14,9,0,0,0,0,0,0
2020-5-18,62656,10,605,0,0,0,0,0,0,0,0,0,0,10,0,8,0,0,0,0,0,0,0
2020-5-18,62664,10,110,0,0,0,0,0,0,0,0,0,6,0,0,10,0,0,0,0,0,0,0
2020-5-18,62675,6,212,0,0,0,0,0,0,0,0,0,0,0,0,6,0,0,0,0,0,0,0
2020-5-18,62681,6,143,0,0,0,0,0,0,0,0,0,0,0,0,0,0,0,0,0,0,0,0
2020-5-18,62684,69,372,0,0,0,0,0,0,0,16,39,16,51,0,67,0,0,0,0,0,0,0
2020-5-18,62702,61,1474,0,0,8,16,12,11,6,0,0,17,44,0,33,22,0,0,0,0,0,0
2020-5-18,62703,52,1288,0,0,8,9,9,7,8,0,0,15,37,0,13,34,0,0,0,0,0,0
2020-5-18,62704,38,1417,0,0,7,6,7,6,6,0,0,15,22,0,24,12,0,0,0,0,0,0
2020-5-18,62707,17,260,0,0,0,0,0,0,0,0,0,9,8,0,11,6,0,0,0,0,0,0
2020-5-18,62711,20,718,0,0,9,0,0,0,0,0,0,9,11,0,13,0,0,0,0,0,0,0
2020-5-18,62801,50,708,0,0,7,8,9,12,11,0,0,21,23,6,27,9,14,0,0,0,0,0
2020-5-18,62832,16,274,0,0,0,0,6,0,0,0,0,8,8,0,11,0,0,0,0,0,0,0
2020-5-18,62837,7,304,0,0,0,0,0,0,0,0,0,0,0,0,7,0,0,0,0,0,0,0
2020-5-18,62864,83,714,0,0,7,0,0,0,0,10,45,29,53,0,37,0,45,0,0,0,0,0
2020-5-18,62882,9,88,0,0,0,0,0,0,0,0,0,0,0,0,9,0,0,0,0,0,0,0
2020-5-18,62901,99,768,0,8,26,15,13,11,10,6,10,54,44,0,35,19,0,0,0,41,0,0
2020-5-18,62902,13,111,0,0,0,0,0,0,0,0,0,7,6,0,0,0,0,0,0,0,0,0
2020-5-18,62906,51,476,0,6,0,0,0,0,0,0,25,19,25,7,39,0,10,0,0,0,0,0
2020-5-18,62907,14,62,0,0,0,0,0,0,0,0,0,7,7,0,12,0,0,0,0,0,0,0
2020-5-18,62912,7,42,0,0,0,0,0,0,0,0,0,0,0,0,7,0,0,0,0,0,0,0
2020-5-18,62918,13,252,0,0,0,0,0,6,0,0,0,0,7,0,8,0,0,0,0,0,0,0
2020-5-18,62920,55,202,0,0,0,0,6,10,13,9,0,30,19,6,28,0,9,0,0,18,0,0
2020-5-18,62948,8,304,0,0,0,0,0,0,0,0,0,0,0,0,0,0,0,0,0,0,0,0
2020-5-18,62959,25,693,0,0,6,0,0,7,0,0,0,7,13,0,14,0,6,0,0,0,0,0
2020-5-18,62966,46,477,0,0,10,14,11,0,6,0,0,27,19,0,17,0,0,0,0,23,0,0
2020-5-18,62992,32,116,0,0,9,9,11,0,0,0,0,21,0,9,0,0,12,0,0,18,0,0